{
    "ua":"Mozilla/5.0 (Windows NT 10.0; Win64; x64) AppleWebKit/537.36 (KHTML, like Gecko) Chrome/94.0.4606.54 Safari/537.36",
    "url":"https://www.zhenbuka5.com",
    "regexVid":"/voddetail/(\\w+)/",
    "filter":{
        "1":[
            {
                "name":"类型",
                "value":[
                    {
                        "v":"",
                        "n":"全部"
                    },
                    {
                        "v":"6",
                        "n":"动作片"
                    },
                    {
                        "v":"7",
                        "n":"喜剧片"
                    },
                    {
                        "v":"8",
                        "n":"爱情片"
                    },
                    {
                        "v":"9",
                        "n":"科幻片"
                    },
                    {
                        "v":"10",
                        "n":"恐怖片"
                    },
                    {
                        "v":"11",
                        "n":"剧情片"
                    },
                    {
                        "v":"12",
                        "n":"战争片"
                    },
                    {
                        "v":"23",
                        "n":"动画片"
                    },
                    {
                        "v":"25",
                        "n":"纪录片"
                    },
                    {
                        "v":"26",
                        "n":"犯罪片"
                    }
                ],
                "key":0
            },
            {
                "name":"地区",
                "value":[
                    {
                        "v":"",
                        "n":"全部"
                    },
                    {
                        "v":"中国大陆",
                        "n":"中国大陆"
                    },
                    {
                        "v":"中国香港",
                        "n":"中国香港"
                    },
                    {
                        "v":"中国台湾",
                        "n":"中国台湾"
                    },
                    {
                        "v":"美国",
                        "n":"美国"
                    },
                    {
                        "v":"法国",
                        "n":"法国"
                    },
                    {
                        "v":"英国",
                        "n":"英国"
                    },
                    {
                        "v":"日本",
                        "n":"日本"
                    },
                    {
                        "v":"韩国",
                        "n":"韩国"
                    },
                    {
                        "v":"德国",
                        "n":"德国"
                    },
                    {
                        "v":"泰国",
                        "n":"泰国"
                    },
                    {
                        "v":"印度",
                        "n":"印度"
                    },
                    {
                        "v":"意大利",
                        "n":"意大利"
                    },
                    {
                        "v":"西班牙",
                        "n":"西班牙"
                    },
                    {
                        "v":"加拿大",
                        "n":"加拿大"
                    }
                ],
                "key":1
            },
            {
                "name":"年份",
                "value":[
                    {
                        "v":"",
                        "n":"全部"
                    },
                    {
                        "v":"2022",
                        "n":"2022"
                    },
                    {
                        "v":"2021",
                        "n":"2021"
                    },
                    {
                        "v":"2020",
                        "n":"2020"
                    },
                    {
                        "v":"2019",
                        "n":"2019"
                    },
                    {
                        "v":"2018",
                        "n":"2018"
                    },
                    {
                        "v":"2017",
                        "n":"2017"
                    },
                    {
                        "v":"2016",
                        "n":"2016"
                    },
                    {
                        "v":"2015",
                        "n":"2015"
                    },
                    {
                        "v":"2014",
                        "n":"2014"
                    },
                    {
                        "v":"2013",
                        "n":"2013"
                    },
                    {
                        "v":"2012",
                        "n":"2012"
                    },
                    {
                        "v":"2011",
                        "n":"2011"
                    },
                    {
                        "v":"2010",
                        "n":"2010"
                    }
                ],
                "key":11
            }
        ],
        "2":[
            {
                "name":"类型",
                "value":[
                    {
                        "v":"",
                        "n":"全部"
                    },
                    {
                        "v":"13",
                        "n":"国产剧"
                    },
                    {
                        "v":"14",
                        "n":"港台剧"
                    },
                    {
                        "v":"15",
                        "n":"日韩剧"
                    },
                    {
                        "v":"16",
                        "n":"欧美剧"
                    },
                    {
                        "v":"20",
                        "n":"海外剧"
                    },
                    {
                        "v":"24",
                        "n":"纪录片"
                    }
                ],
                "key":0
            },
            {
                "name":"地区",
                "value":[
                    {
                        "v":"",
                        "n":"全部"
                    },
                    {
                        "v":"中国大陆",
                        "n":"中国大陆"
                    },
                    {
                        "v":"中国香港",
                        "n":"中国香港"
                    },
                    {
                        "v":"中国台湾",
                        "n":"中国台湾"
                    },
                    {
                        "v":"韩国",
                        "n":"韩国"
                    },
                    {
                        "v":"日本",
                        "n":"日本"
                    },
                    {
                        "v":"美国",
                        "n":"美国"
                    },
                    {
                        "v":"泰国",
                        "n":"泰国"
                    },
                    {
                        "v":"英国",
                        "n":"英国"
                    },
                    {
                        "v":"新加坡",
                        "n":"新加坡"
                    },
                    {
                        "v":"其他",
                        "n":"其他"
                    }
                ],
                "key":1
            },
            {
                "name":"年份",
                "value":[
                    {
                        "v":"",
                        "n":"全部"
                    },
                    {
                        "v":"2022",
                        "n":"2022"
                    },
                    {
                        "v":"2021",
                        "n":"2021"
                    },
                    {
                        "v":"2020",
                        "n":"2020"
                    },
                    {
                        "v":"2019",
                        "n":"2019"
                    },
                    {
                        "v":"2018",
                        "n":"2018"
                    },
                    {
                        "v":"2017",
                        "n":"2017"
                    },
                    {
                        "v":"2016",
                        "n":"2016"
                    },
                    {
                        "v":"2015",
                        "n":"2015"
                    },
                    {
                        "v":"2014",
                        "n":"2014"
                    },
                    {
                        "v":"2013",
                        "n":"2013"
                    },
                    {
                        "v":"2012",
                        "n":"2012"
                    },
                    {
                        "v":"2011",
                        "n":"2011"
                    },
                    {
                        "v":"2010",
                        "n":"2010"
                    }
                ],
                "key":11
            }
        ],
        "3":[
            {
                "name":"地区",
                "value":[
                    {
                        "v":"",
                        "n":"全部"
                    },
                    {
                        "v":"中国大陆",
                        "n":"中国大陆"
                    },
                    {
                        "v":"中国香港",
                        "n":"中国香港"
                    },
                    {
                        "v":"中国台湾",
                        "n":"中国台湾"
                    },
                    {
                        "v":"日本",
                        "n":"日本"
                    },
                    {
                        "v":"韩国",
                        "n":"韩国"
                    },
                    {
                        "v":"美国",
                        "n":"美国"
                    },
                    {
                        "v":"英国",
                        "n":"英国"
                    }
                ],
                "key":1
            },
            {
                "name":"年份",
                "value":[
                    {
                        "v":"",
                        "n":"全部"
                    },
                    {
                        "v":"2022",
                        "n":"2022"
                    },
                    {
                        "v":"2021",
                        "n":"2021"
                    },
                    {
                        "v":"2020",
                        "n":"2020"
                    },
                    {
                        "v":"2019",
                        "n":"2019"
                    },
                    {
                        "v":"2018",
                        "n":"2018"
                    },
                    {
                        "v":"2017",
                        "n":"2017"
                    },
                    {
                        "v":"2016",
                        "n":"2016"
                    },
                    {
                        "v":"2015",
                        "n":"2015"
                    },
                    {
                        "v":"2014",
                        "n":"2014"
                    },
                    {
                        "v":"2013",
                        "n":"2013"
                    },
                    {
                        "v":"2012",
                        "n":"2012"
                    },
                    {
                        "v":"2011",
                        "n":"2011"
                    },
                    {
                        "v":"2010",
                        "n":"2010"
                    },
                    {
                        "v":"2009",
                        "n":"2009"
                    },
                    {
                        "v":"2008",
                        "n":"2008"
                    },
                    {
                        "v":"2007",
                        "n":"2007"
                    },
                    {
                        "v":"2006",
                        "n":"2006"
                    },
                    {
                        "v":"2005",
                        "n":"2005"
                    },
                    {
                        "v":"2004",
                        "n":"2004"
                    }
                ],
                "key":11
            }
        ],
        "4":[
            {
                "name":"地区",
                "value":[
                    {
                        "v":"",
                        "n":"全部"
                    },
                    {
                        "v":"中国大陆",
                        "n":"中国大陆"
                    },
                    {
                        "v":"日本",
                        "n":"日本"
                    },
                    {
                        "v":"美国",
                        "n":"美国"
                    }
                ],
                "key":1
            },
            {
                "name":"年份",
                "value":[
                    {
                        "v":"",
                        "n":"全部"
                    },
                    {
                        "v":"2022",
                        "n":"2022"
                    },
                    {
                        "v":"2021",
                        "n":"2021"
                    },
                    {
                        "v":"2020",
                        "n":"2020"
                    },
                    {
                        "v":"2019",
                        "n":"2019"
                    },
                    {
                        "v":"2018",
                        "n":"2018"
                    },
                    {
                        "v":"2017",
                        "n":"2017"
                    },
                    {
                        "v":"2016",
                        "n":"2016"
                    },
                    {
                        "v":"2015",
                        "n":"2015"
                    },
                    {
                        "v":"2014",
                        "n":"2014"
                    },
                    {
                        "v":"2013",
                        "n":"2013"
                    },
                    {
                        "v":"2012",
                        "n":"2012"
                    },
                    {
                        "v":"2011",
                        "n":"2011"
                    },
                    {
                        "v":"2010",
                        "n":"2010"
                    },
                    {
                        "v":"2009",
                        "n":"2009"
                    },
                    {
                        "v":"2008",
                        "n":"2008"
                    },
                    {
                        "v":"2007",
                        "n":"2007"
                    },
                    {
                        "v":"2006",
                        "n":"2006"
                    },
                    {
                        "v":"2005",
                        "n":"2005"
                    },
                    {
                        "v":"2004",
                        "n":"2004"
                    }
                ],
                "key":11
            }
        ]
    },
    "regexPlay":"/vodplay/(\\w+)-(\\d+)-(\\d+)/",
    "host":"www.zhenbuka5.com",
    "regexCategory":"/vodtype/(\\w+)/",
    "regexPage":"/vodshow/(\\S+)/",
    "urlPlay":"/vodplay/|/",
    "urlSearch":"",
    "urlCategory":"/vodshow/|/",
    "urlDetail":"/voddetail/|/",
    "player":{
        "qq":{
            "or":999,
            "sh":"不卡企鹅",
            "pu":"https://cq.mmiyue.com/zhenbuka2/player/index.php?url=",
            "sn":0
        },
        "bkm3u8":{
            "or":999,
            "sh":"不卡备用②[推荐]",
            "pu":"http://good-vip.mmiyue.com/zhenbuka2/player/index.php?url=//good-vip.mmiyue.com/zhenbuka2/api/dymp4.php?video_id=",
            "sn":0
        },
        "sixpan":{
            "or":999,
            "sh":"不卡备用②[推荐]",
            "pu":"https://cq.mmiyue.com/zhenbuka2/player/index.php?url=//cq.mmiyue.com/m3u8/buka/",
            "sn":0
        },
        "qqpic":{
            "or":999,
            "sh":"不卡超清[推荐]",
            "pu":"http://good-vip.mmiyue.com/zhenbuka2/player/index.php?video_id=",
            "sn":0
        },
        "niuyun":{
            "or":999,
            "sh":"超清备用",
            "pu":"https://api.l32c.cn/danmu/niuyun.php?id=",
            "sn":0
        },
        "123kum3u8":{
            "or":999,
            "sh":"资源备用[不推荐]",
            "pu":"",
            "sn":0
        },
        "mgtv":{
            "or":999,
            "sh":"不卡芒果",
            "pu":"https://cq.mmiyue.com/zhenbuka2/player/index.php?url=",
            "sn":0
        },
        "qq1":{
            "or":999,
            "sh":"超清云播",
            "pu":"https://api.nixingle.com/zhenbuka/player/index.php?id=",
            "sn":0
        },
        "youku":{
            "or":999,
            "sh":"不卡优酷",
            "pu":"https://cq.mmiyue.com/zhenbuka2/player/index.php?url=",
            "sn":0
        },
        "cy":{
            "or":999,
            "sh":"动漫云",
            "pu":"https://cq.mmiyue.com/jiekou/zbk-bkby/jx.php?id=",
            "sn":0
        },
        "niuxyun":{
            "or":999,
            "sh":"不卡备用[推荐]",
            "pu":"http://good-vip.mmiyue.com/jiekou/zbk-bkby/jx.php?id=",
            "sn":0
        },
        "vipjx":{
            "or":999,
            "sh":"不卡备用③[推荐]",
            "pu":"https://cq.mmiyue.com/zhenbuka2/player/index.php?url=",
            "sn":0
        },
        "qiyi":{
            "or":999,
            "sh":"不卡奇艺",
            "pu":"https://cq.mmiyue.com/zhenbuka2/player/index.php?url=",
            "sn":0
        },
        "dbm3u8":{
            "or":999,
            "sh":"资源备用[不推荐]",
            "pu":"",
            "sn":0
        }
    }
}

