{
  "ua": "",
  "homeUrl": "https://www.pianku.la",
  "cateNode": "//ul[contains(@class,'myui-header__menu nav-menu')]/li[contains(@class, 'dropdown-hover')]//div/ul/li/a[contains(@href, 'list') and not(contains(@href,'label'))]",
  "cateName": "/text()",
  "cateId": "/@href",
  "cateIdR": "/list/(\\w+).html",
  "cateManual": {},
  "homeVodNode": "//div[contains(@class, 'padding-0')]//ul[contains(@class,'myui-vodlist')]/li//a[contains(@class,'myui-vodlist__thumb')]",
  "homeVodName": "/@title",
  "homeVodId": "/@href",
  "homeVodIdR": "/detail/(\\w+).html",
  "homeVodImg": "/@data-original",
  "homeVodImgR": "\\S+(http\\S+)",
  "homeVodMark": "/span[contains(@class,'pic-text')]/text()",
  "cateUrl": "https://www.pianku.la/list/{cateId}-{catePg}.html",
  "cateVodNode": "//ul[contains(@class,'myui-vodlist')]//li//a[contains(@class,'myui-vodlist__thumb')]",
  "cateVodName": "/@title",
  "cateVodId": "/@href",
  "cateVodIdR": "/detail/(\\w+).html",
  "cateVodImg": "/@data-original",
  "cateVodImgR": "\\S+(http\\S+)",
  "cateVodMark": "/span[contains(@class,'pic-text')]/text()",
  "dtUrl": "https://www.pianku.la/detail/{vid}.html",
  "dtNode": "//div[contains(@class,'col-md-wide-7')]",
  "dtName": "//div[@class='myui-content__thumb']/a[contains(@class,'myui-vodlist__thumb')]/@title",
  "dtNameR": "",
  "dtImg": "//div[@class='myui-content__thumb']/a[contains(@class,'myui-vodlist__thumb')]/img/@data-original",
  "dtImgR": "\\S+(http\\S+)",
  "dtCate": "//div[@class='myui-content__detail']//span[contains(@class,'text-muted') and contains(text(), '分类')]/following-sibling::*/text()",
  "dtCateR": "",
  "dtYear": "//div[@class='myui-content__detail']//span[contains(@class,'text-muted') and contains(text(), '年份')]/following-sibling::*/text()",
  "dtYearR": "",
  "dtArea": "//div[@class='myui-content__detail']//span[contains(@class,'text-muted') and contains(text(), '地区')]/following-sibling::*/text()",
  "dtAreaR": "",
  "dtMark": "//div[@class='myui-content__detail']//span[contains(@class,'text-muted') and contains(text(), '更新')]/following-sibling::*/text()",
  "dtMarkR": "",
  "dtActor": "//div[@class='myui-content__detail']//span[contains(@class,'text-muted') and contains(text(), '主演')]/following-sibling::*/text()",
  "dtActorR": "",
  "dtDirector": "//div[@class='myui-content__detail']//span[contains(@class,'text-muted') and contains(text(), '导演')]/following-sibling::*/text()",
  "dtDirectorR": "",
  "dtDesc": "//div[@class='myui-content__detail']//span[contains(@class,'text-muted') and contains(text(), '简介')]/parent::text()",
  "dtDescR": "",
  "dtFromNode": "//a[@data-toggle='tab' and contains(@href, 'playlist')]",
  "dtFromName": "/text()",
  "dtFromNameR": "",
  //  "dtUrlNode": "//div[contains(@class,'tab-content')]//ul[contains(@id, 'playlist')]",
  "dtUrlNode": "//div[contains(@class,'tab-content')]/div[contains(@id, 'playlist')]",
  "dtUrlSubNode": "//li/a",
  "dtUrlId": "@href",
  "dtUrlIdR": "/play/(\\S+).html",
  "dtUrlName": "/text()",
  "dtUrlNameR": "",
  "playUrl": "https://www.pianku.la/play/{playUrl}.html",
  "playUa": "",
  "searchUrl": "https://www.pianku.la/index.php/ajax/suggest?mid=1&wd={wd}&limit=10",
  "scVodNode": "json:list",
  "scVodName": "name",
  "scVodId": "id",
  "scVodIdR": "",
  "scVodImg": "pic",
  "scVodMark": ""
}