{
  "author":"20220605",
  "name": "特狗影视",
  "url": "https://www.tegouys.com", //填网站链接
  "tihuan": "cnzz.com", //这个不用动，是个别网站嗅探时过滤地址用的
  "User": "空", //这个不用动，是个别网站播放需要请求头时才用到
  "shouye": "1",

  "fenlei": "儿童电影$/vodshow/class/儿童/id/1/page/#亲子综艺$/vodshow/class/亲子/id/3/page/#合家欢动漫$/vodshow/class/合家欢/id/4/page/#曲艺综艺$/vodshow/class/曲艺/id/3/page/#电影$/vodshow/id/1/page/#国产剧$/vodshow/area/内地/id/2/page/#香港剧$/vodshow/area/香港/id/2/page/#韩国剧$/vodshow/area/韩国/id/2/page/#美国剧$/vodshow/area/美国/id/2/page/#日本剧$/vodshow/area/日本/id/2/page/#泰国剧$/vodshow/area/泰国/id/2/page/#台湾剧$/vodshow/area/台湾/id/2/page/#英国剧$/vodshow/area/英国/id/2/page/#其它剧$/vodshow/area/其它/id/2/page/#综艺$/vodshow/id/3/page/#国产动漫$/vodshow/area/内地/id/4/page/#日本动漫$/vodshow/area/日本/id/4/page/#欧美动漫$/vodshow/area/欧美/id/4/page/#其它动漫$/vodshow/area/其它/id/4/page/", //网站列表的分类
  "houzhui": ".html", //网站翻页链接的后缀

  "shifouercijiequ": "0", //截取的列表数组是否需要二次截取，0不需要，1需要
  "jiequqian": "空", //不需要二次截取就填空
  "jiequhou": "空", //不需要二次截取就填空
  "jiequshuzuqian": "class=\"myui-vodlist__box\"", //截取的列表数组的前关键词,截取的关键词有 " 的用 \ 进行转义
  "jiequshuzuhou": "</span>", //截取的列表数组的后关键词,截取的关键词有 " 的用 \ 进行转义
  "tupianqian": "data-original=\"", //列表中资源的图片前关键词,截取的关键词有 " 的用 \ 进行转义
  "tupianhou": "\"", //列表中资源的图片后关键词,截取的关键词有 " 的用 \ 进行转义
  "biaotiqian": "title=\"", //列表中资源的标题前关键词,截取的关键词有 " 的用 \ 进行转义
  "biaotihou": "\"", //列表中资源的标题后关键词,截取的关键词有 " 的用 \ 进行转义
  "lianjieqian": "href=\"", //列表中资源的详情页跳转链接前关键词,截取的关键词有 " 的用 \ 进行转义
  "lianjiehou": "\"", //列表中资源的详情页跳转链接后关键词,截取的关键词有 " 的用 \ 进行转义

  //搜索部分基本不用动，现在网站基本都是苹果CMS，所有搜索是固定的。
  "sousuoqian": "/ajax/suggest?mid=1&wd=",
  "sousuohou": "&limit=500",
  "sousuohouzhui": "/voddetail/", //搜索页影片跳转详情页的中间标识链接部分
  "ssmoshi": "0",
  "sousuoshifouercijiequ": "0",
  "jspic": "pic",
  "jsname": "name",
  "jsid": "id",
  "ssjiequqian": "空",
  "ssjiequhou": "空",
  "ssjiequshuzuqian": "空",
  "ssjiequshuzuhou": "空",
  "sstupianqian": "空",
  "sstupianhou": "空",
  "ssbiaotiqian": "空",
  "ssbiaotihou": "空",
  "sslianjieqian": "空",
  "sslianjiehou": "空",

  "bfshifouercijiequ": "0",
  "bfjiequqian": "空",
  "bfjiequhou": "空",
  "bfjiequshuzuqian": "id=\"playlist", //播放截取的列表数组的前关键词
  "bfjiequshuzuhou": "</ul>", //播放截取的列表数组的后关键词

  "zhuangtaiqian": "class=\"text-red\">", //状态前关键词
  "zhuangtaihou": "/", //状态后关键词
  "daoyanqian": "导演：</span>", //导演前关键词
  "daoyanhou": "</p>", //导演态后关键词
  "zhuyanqian": "主演：</span>", //主演前关键词
  "zhuyanhou": "</p>", //主演后关键词
  "juqingqian": "简介：</span>", //剧情前关键词
  "juqinghou": "<a", //剧情后关键词

  "bfyshifouercijiequ": "0", //截取的播放列表数组是否需要二次截取，0不需要，1需要
  "bfyjiequqian": "空", //不需要二次截取就填空
  "bfyjiequhou": "空", //不需要二次截取就填空
  "bfyjiequshuzuqian": "<a", //播放剧集数组前关键词
  "bfyjiequshuzuhou": "/a>", //播放剧集数组后关键词
  "bfbiaotiqian": ">", //播放剧集标题前关键词
  "bfbiaotihou": "<", //状播放剧集标题后关键词
  "bflianjieqian": "href=\"", //播放剧集链接前关键词
  "bflianjiehou": "\""
} //播放剧集链接后关键词